{"cameraMode":{"drawMode":0,"name":"Shaded","section":"Shading Mode"},"sceneLighting":true,"audioPlay":false,"sceneViewState":{"m_AlwaysRefresh":false,"showFog":true,"showSkybox":true,"showFlares":true,"showImageEffects":true,"showParticleSystems":true,"showVisualEffectGraphs":true,"m_FxEnabled":true},"in2DMode":false,"pivot":{"x":603.834716796875,"y":250.8532257080078,"z":29.56383514404297},"rotation":{"x":0.0024759196676313879,"y":0.9952062964439392,"z":-0.09463858604431153,"w":0.02568344958126545},"size":290.59942626953127,"orthographic":false}