{"cameraMode":{"drawMode":0,"name":"Shaded","section":"Shading Mode"},"sceneLighting":false,"audioPlay":false,"sceneViewState":{"m_AlwaysRefresh":false,"showFog":true,"showSkybox":false,"showFlares":true,"showImageEffects":true,"showParticleSystems":true,"showVisualEffectGraphs":true,"m_FxEnabled":true},"in2DMode":false,"pivot":{"x":-2.0970799922943117,"y":5.057919025421143,"z":-11.728951454162598},"rotation":{"x":-0.0034567941911518575,"y":-0.9964823722839356,"z":0.06467227637767792,"w":-0.0532563254237175},"size":1.971530556678772,"orthographic":false}