{"cameraMode":{"drawMode":0,"name":"Shaded","section":"Shading Mode"},"sceneLighting":false,"audioPlay":false,"sceneViewState":{"m_AlwaysRefresh":false,"showFog":true,"showSkybox":false,"showFlares":true,"showImageEffects":true,"showParticleSystems":true,"showVisualEffectGraphs":true,"m_FxEnabled":true},"in2DMode":false,"pivot":{"x":-1.982051134109497,"y":3.483182430267334,"z":-11.510187149047852},"rotation":{"x":-0.0034567941911518575,"y":-0.9964823722839356,"z":0.06467227637767792,"w":-0.0532563254237175},"size":1.9835562705993653,"orthographic":false}